participant,phase,condition,block,index_score
User1,Practice,Dynamic,LearningExp,4.428571428571429
User1,Practice,Dynamic,VisualDesign,4.0
User1,Practice,Static,LearningExp,3.0
User1,Recall,Dynamic,Retention,3.4285714285714284
User1,Recall,Static,Retention,3.4285714285714284
User10,Practice,Dynamic,LearningExp,3.4285714285714284
User10,Practice,Dynamic,VisualDesign,2.75
User10,Practice,Static,LearningExp,3.2857142857142856
User10,Recall,Dynamic,Retention,3.857142857142857
User10,Recall,Static,Retention,3.857142857142857
User11,Practice,Dynamic,LearningExp,4.428571428571429
User11,Practice,Dynamic,VisualDesign,3.75
User11,Practice,Static,LearningExp,3.4285714285714284
User11,Recall,Dynamic,Retention,3.2857142857142856
User11,Recall,Static,Retention,3.2857142857142856
User12,Practice,Dynamic,LearningExp,4.857142857142857
User12,Practice,Dynamic,VisualDesign,3.75
User12,Practice,Static,LearningExp,4.428571428571429
User12,Recall,Dynamic,Retention,3.7142857142857144
User12,Recall,Static,Retention,3.0
User13,Practice,Dynamic,LearningExp,4.714285714285714
User13,Practice,Dynamic,VisualDesign,3.25
User13,Practice,Static,LearningExp,3.7142857142857144
User13,Recall,Dynamic,Retention,3.7142857142857144
User13,Recall,Static,Retention,2.857142857142857
User14,Practice,Dynamic,LearningExp,4.571428571428571
User14,Practice,Dynamic,VisualDesign,3.75
User14,Practice,Static,LearningExp,3.5714285714285716
User14,Recall,Dynamic,Retention,3.5714285714285716
User14,Recall,Static,Retention,2.7142857142857144
User15,Practice,Dynamic,LearningExp,5.0
User15,Practice,Dynamic,VisualDesign,4.75
User15,Practice,Static,LearningExp,4.857142857142857
User15,Recall,Dynamic,Retention,4.285714285714286
User15,Recall,Static,Retention,2.4285714285714284
User16,Practice,Dynamic,LearningExp,4.285714285714286
User16,Practice,Dynamic,VisualDesign,1.5
User16,Practice,Static,LearningExp,4.285714285714286
User16,Recall,Dynamic,Retention,3.2857142857142856
User16,Recall,Static,Retention,3.2857142857142856
User17,Practice,Dynamic,LearningExp,3.7142857142857144
User17,Practice,Dynamic,VisualDesign,4.0
User17,Practice,Static,LearningExp,3.4285714285714284
User17,Recall,Dynamic,Retention,3.142857142857143
User17,Recall,Static,Retention,3.2857142857142856
User18,Practice,Dynamic,LearningExp,4.714285714285714
User18,Practice,Dynamic,VisualDesign,3.75
User18,Practice,Static,LearningExp,3.7142857142857144
User18,Recall,Dynamic,Retention,4.428571428571429
User18,Recall,Static,Retention,3.142857142857143
User19,Practice,Dynamic,LearningExp,4.285714285714286
User19,Practice,Dynamic,VisualDesign,4.25
User19,Practice,Static,LearningExp,3.142857142857143
User19,Recall,Dynamic,Retention,4.428571428571429
User19,Recall,Static,Retention,3.7142857142857144
User2,Practice,Dynamic,LearningExp,4.857142857142857
User2,Practice,Dynamic,VisualDesign,2.75
User2,Practice,Static,LearningExp,4.428571428571429
User2,Recall,Dynamic,Retention,3.7142857142857144
User2,Recall,Static,Retention,3.857142857142857
User20,Practice,Dynamic,LearningExp,4.142857142857143
User20,Practice,Dynamic,VisualDesign,3.25
User20,Practice,Static,LearningExp,4.142857142857143
User20,Recall,Dynamic,Retention,4.0
User20,Recall,Static,Retention,3.2857142857142856
User21,Practice,Dynamic,LearningExp,4.285714285714286
User21,Practice,Dynamic,VisualDesign,4.0
User21,Practice,Static,LearningExp,3.7142857142857144
User21,Recall,Dynamic,Retention,4.285714285714286
User21,Recall,Static,Retention,3.4285714285714284
User22,Practice,Dynamic,LearningExp,3.5714285714285716
User22,Practice,Dynamic,VisualDesign,3.5
User22,Practice,Static,LearningExp,3.5714285714285716
User22,Recall,Dynamic,Retention,3.5714285714285716
User22,Recall,Static,Retention,2.857142857142857
User23,Practice,Dynamic,LearningExp,4.428571428571429
User23,Practice,Dynamic,VisualDesign,5.0
User23,Practice,Static,LearningExp,3.5714285714285716
User23,Recall,Dynamic,Retention,4.142857142857143
User23,Recall,Static,Retention,4.0
User24,Practice,Dynamic,LearningExp,2.0
User24,Practice,Dynamic,VisualDesign,2.5
User24,Practice,Static,LearningExp,4.571428571428571
User24,Recall,Dynamic,Retention,3.857142857142857
User24,Recall,Static,Retention,4.428571428571429
User25,Practice,Dynamic,LearningExp,3.5714285714285716
User25,Practice,Dynamic,VisualDesign,2.75
User25,Practice,Static,LearningExp,3.4285714285714284
User25,Recall,Dynamic,Retention,3.2857142857142856
User25,Recall,Static,Retention,3.4285714285714284
User26,Practice,Dynamic,LearningExp,4.0
User26,Practice,Dynamic,VisualDesign,4.0
User26,Practice,Static,LearningExp,3.142857142857143
User26,Recall,Dynamic,Retention,3.7142857142857144
User26,Recall,Static,Retention,2.4285714285714284
User27,Practice,Dynamic,LearningExp,4.0
User27,Practice,Dynamic,VisualDesign,2.25
User27,Practice,Static,LearningExp,3.857142857142857
User27,Recall,Dynamic,Retention,2.2857142857142856
User27,Recall,Static,Retention,2.5714285714285716
User28,Practice,Dynamic,LearningExp,4.0
User28,Practice,Dynamic,VisualDesign,2.75
User28,Practice,Static,LearningExp,4.142857142857143
User28,Recall,Dynamic,Retention,3.7142857142857144
User28,Recall,Static,Retention,3.7142857142857144
User29,Practice,Dynamic,LearningExp,4.714285714285714
User29,Practice,Dynamic,VisualDesign,4.75
User29,Practice,Static,LearningExp,4.0
User29,Recall,Dynamic,Retention,3.857142857142857
User29,Recall,Static,Retention,3.4285714285714284
User3,Practice,Dynamic,LearningExp,4.857142857142857
User3,Practice,Dynamic,VisualDesign,3.0
User3,Practice,Static,LearningExp,3.5714285714285716
User3,Recall,Dynamic,Retention,4.142857142857143
User3,Recall,Static,Retention,3.4285714285714284
User30,Practice,Dynamic,LearningExp,4.142857142857143
User30,Practice,Dynamic,VisualDesign,3.5
User30,Practice,Static,LearningExp,4.142857142857143
User30,Recall,Dynamic,Retention,3.7142857142857144
User30,Recall,Static,Retention,3.7142857142857144
User4,Practice,Dynamic,LearningExp,4.714285714285714
User4,Practice,Dynamic,VisualDesign,4.0
User4,Practice,Static,LearningExp,4.0
User4,Recall,Dynamic,Retention,4.142857142857143
User4,Recall,Static,Retention,2.857142857142857
User5,Practice,Dynamic,LearningExp,4.142857142857143
User5,Practice,Dynamic,VisualDesign,3.0
User5,Practice,Static,LearningExp,3.4285714285714284
User5,Recall,Dynamic,Retention,3.4285714285714284
User5,Recall,Static,Retention,2.7142857142857144
User6,Practice,Dynamic,LearningExp,5.0
User6,Practice,Dynamic,VisualDesign,3.0
User6,Practice,Static,LearningExp,3.7142857142857144
User6,Recall,Dynamic,Retention,2.857142857142857
User6,Recall,Static,Retention,2.857142857142857
User7,Practice,Dynamic,LearningExp,4.571428571428571
User7,Practice,Dynamic,VisualDesign,3.75
User7,Practice,Static,LearningExp,3.142857142857143
User7,Recall,Dynamic,Retention,3.2857142857142856
User7,Recall,Static,Retention,2.7142857142857144
User8,Practice,Dynamic,LearningExp,4.285714285714286
User8,Practice,Dynamic,VisualDesign,2.25
User8,Practice,Static,LearningExp,3.2857142857142856
User8,Recall,Dynamic,Retention,4.285714285714286
User8,Recall,Static,Retention,3.2857142857142856
User9,Practice,Dynamic,LearningExp,4.714285714285714
User9,Practice,Dynamic,VisualDesign,3.5
User9,Practice,Static,LearningExp,3.857142857142857
User9,Recall,Dynamic,Retention,3.857142857142857
User9,Recall,Static,Retention,3.7142857142857144
