user,melody,chunkIndex,condition,slope,intercept,n_points
1,A,0,Static,-0.00606143,0.608049961,10
1,A,1,Static,0.024949872,0.697389789,10
1,A,2,Static,-0.016173534,0.727711936,10
1,B,0,Dynamic,-6.57E-05,0.538657932,10
1,B,1,Dynamic,-0.031674212,0.630946984,10
1,B,2,Dynamic,-0.049629114,0.667697146,10
10,A,0,Dynamic,3.66E-05,0.856122461,10
10,A,1,Dynamic,0.008289794,0.821014413,10
10,A,2,Dynamic,0.002436587,0.81285191,10
11,A,0,Dynamic,0.000904957,0.330360709,10
11,A,1,Dynamic,-0.048644716,0.712661457,10
11,A,2,Dynamic,0.020853161,0.393451977,10
11,B,0,Static,0.007312228,0.314871055,10
11,B,1,Static,0.006395187,0.285160006,9
11,B,2,Static,-0.050865341,0.690733662,10
12,A,0,Static,-0.041045508,0.699652272,10
12,A,1,Static,-0.017122103,0.315579775,10
12,A,2,Static,0.045608504,0.442601885,10
12,B,0,Dynamic,0.011232598,0.502743178,10
12,B,1,Dynamic,-0.027706377,0.634878622,10
12,B,2,Dynamic,0.025995919,0.436731768,10
13,A,0,Static,-0.055536396,0.765781427,10
13,A,1,Static,-0.063692311,1.024637545,10
13,A,2,Static,0.042646716,0.241469852,10
13,B,0,Dynamic,-0.052659149,0.508562342,10
13,B,1,Dynamic,-0.004988778,0.123430589,10
13,B,2,Dynamic,-0.056151704,0.632752375,10
14,A,0,Dynamic,-0.023279454,0.83509301,10
14,A,1,Dynamic,-0.017654284,0.853104309,10
14,A,2,Dynamic,0.002257254,0.645675229,10
14,B,0,Static,-0.066207085,0.766981788,10
14,B,1,Static,0.019660732,0.22689325,10
14,B,2,Static,-0.00839071,0.425652501,10
15,A,0,Dynamic,-0.040507198,0.574935947,10
15,A,1,Dynamic,-0.001807117,0.852053924,10
15,A,2,Dynamic,-0.000885384,0.803527009,10
15,B,0,Static,-0.014260727,0.329792972,10
15,B,1,Static,-0.046488379,0.555324181,9
15,B,2,Static,0.008282856,0.18579768,10
16,A,0,Dynamic,-0.051527254,0.922083283,10
16,A,1,Dynamic,-0.007615817,0.774926988,10
16,A,2,Dynamic,0.020647459,0.578333858,10
16,B,0,Static,0.008136582,0.537100691,10
16,B,1,Static,-0.022082149,0.851821522,10
16,B,2,Static,0.054973367,0.042659305,10
17,A,0,Static,-0.036922662,0.735062998,10
17,A,1,Static,-0.023730291,0.932937356,10
17,A,2,Static,-0.025922099,0.805690093,10
17,B,0,Dynamic,-0.016295823,0.444146811,10
17,B,1,Dynamic,-0.012413473,0.474583862,10
17,B,2,Dynamic,-0.039103795,0.600575267,10
18,A,0,Static,0.035530075,0.155768678,10
18,A,1,Static,0.020563729,0.26063734,10
18,A,2,Static,-0.023225738,0.527209334,10
18,B,0,Dynamic,-0.019652033,0.695980298,10
18,B,1,Dynamic,-0.029490909,0.966566374,9
18,B,2,Dynamic,-0.058062601,1.001044923,10
19,A,0,Dynamic,0.045239068,-0.000701719,10
19,A,1,Dynamic,-0.00759317,0.570620995,10
19,A,2,Dynamic,-0.009709225,0.803725181,10
19,B,0,Static,-0.039986663,0.802147355,10
19,B,1,Static,0.034251048,0.313478781,10
19,B,2,Static,-0.018034186,0.794684244,10
2,A,0,Dynamic,-0.012125706,0.43963743,10
2,A,1,Dynamic,-0.119941079,1.089526396,9
2,A,2,Dynamic,0.008548903,0.359990227,10
2,B,0,Static,-0.012056362,0.834410581,10
2,B,1,Static,-0.008762732,0.890035046,10
2,B,2,Static,-0.006965742,0.719992659,10
20,A,0,Static,-0.013281479,0.425357318,10
20,A,1,Static,-0.020839842,0.492227741,10
20,A,2,Static,0.00824445,0.588506846,10
20,B,0,Dynamic,-0.051158085,0.685651701,10
20,B,1,Dynamic,-0.008083148,0.4978925,10
20,B,2,Dynamic,0.03517345,0.392445072,10
21,A,0,Static,-0.012056362,0.834410581,10
21,A,1,Static,-0.008762732,0.890035046,10
21,A,2,Static,-0.006965742,0.719992659,10
21,B,0,Dynamic,0.027211213,0.418858515,10
21,B,1,Dynamic,0.012878526,0.476576925,10
21,B,2,Dynamic,-0.025993204,0.614977016,10
22,A,0,Dynamic,-0.023659382,0.656456121,10
22,A,1,Dynamic,-0.103797105,0.910979827,10
22,A,2,Dynamic,-0.031440398,0.609452089,10
22,B,0,Static,-0.017224338,0.382830789,10
22,B,1,Static,-0.013454217,0.236576303,9
22,B,2,Static,0.003272905,0.235288289,10
23,A,0,Dynamic,-0.019180011,0.533838716,10
23,A,1,Dynamic,-0.009747072,0.727939522,9
23,A,2,Dynamic,0.04335306,0.531879649,10
23,B,0,Static,0.02035163,0.528665971,10
23,B,1,Static,-0.016099097,0.728028156,10
23,B,2,Static,0.052418147,0.179921782,10
24,A,0,Dynamic,-0.008883384,0.595106262,10
24,A,1,Dynamic,-0.013411599,0.732900609,10
24,A,2,Dynamic,-0.047415373,0.924701619,10
24,B,0,Static,-0.039914505,0.81564046,10
24,B,1,Static,0.039200302,0.290031974,10
24,B,2,Static,0.015318686,0.47188935,10
25,A,0,Static,-0.037496727,0.852428726,10
25,A,1,Static,0.012201829,0.81886208,10
25,A,2,Static,-0.003069947,0.902013228,10
25,B,0,Dynamic,-0.038287214,0.81637993,10
25,B,1,Dynamic,-0.007539051,0.553186926,10
25,B,2,Dynamic,0.012461616,0.359415793,10
26,A,0,Dynamic,-0.022672304,0.779927337,10
26,A,1,Dynamic,0.037142646,0.277131472,10
26,A,2,Dynamic,0.002466076,0.754787241,10
26,B,0,Static,-0.01054001,0.514913258,10
26,B,1,Static,-0.009411254,0.558525013,10
26,B,2,Static,0.017045862,0.347943477,10
27,A,0,Dynamic,-0.027681061,0.7195037,10
27,A,1,Dynamic,0.039579308,0.384168146,10
27,A,2,Dynamic,-0.004043058,0.625979061,10
27,B,0,Static,0.010231375,0.515873269,10
27,B,1,Static,0.013815996,0.530606625,8
27,B,2,Static,-0.009213739,0.695663056,10
28,A,0,Static,-0.007726561,0.815534157,10
28,A,1,Static,-0.051311358,1.061558462,9
28,A,2,Static,-0.013876294,0.711568031,10
28,B,0,Dynamic,-0.022719029,0.690204662,10
28,B,1,Dynamic,-0.039326606,1.023524548,9
28,B,2,Dynamic,-0.023208138,0.575744442,10
29,B,0,Dynamic,-0.022719029,0.690204662,10
29,B,1,Dynamic,-0.039326606,1.023524548,9
29,B,2,Dynamic,-0.023208138,0.575744442,10
29,A,0,Static,-0.018019185,0.645088358,10
29,A,1,Static,-0.008072009,0.75736724,10
29,A,2,Static,-0.037386363,0.673865791,10
3,A,0,Dynamic,-0.024888179,0.573538429,10
3,A,1,Dynamic,0.029615482,0.119416617,10
3,A,2,Dynamic,-0.026371103,0.592969955,10
3,B,0,Static,-0.014260727,0.329792972,10
3,B,1,Static,-0.046488379,0.555324181,10
3,B,2,Static,0.008282856,0.18579768,10
30,A,0,Dynamic,-0.092408,1.022371546,10
30,A,1,Dynamic,-0.069853967,0.949978475,10
30,A,2,Dynamic,-0.018937866,0.705164386,10
30,B,0,Static,0.018755073,0.528088321,10
30,B,1,Static,-0.024871594,0.773864903,10
30,B,2,Static,-0.026310403,0.530998113,10
31,A,0,Dynamic,-0.008854414,0.480984526,10
31,A,1,Dynamic,-0.037540875,0.494255604,10
31,A,2,Dynamic,0.019939589,0.537983281,10
31,B,0,Static,-0.005419872,0.353817933,10
31,B,1,Static,-0.04624443,0.665813912,10
31,B,2,Static,-0.009988746,0.494906523,10
4,A,0,Static,-0.000481755,0.751809199,10
4,A,1,Static,-0.011805275,0.736509719,10
4,A,2,Static,-0.011484179,0.868190623,10
4,B,0,Dynamic,0.018445619,0.435956162,10
4,B,1,Dynamic,-0.023657261,0.748614728,10
4,B,2,Dynamic,-0.023600305,0.623427319,10
5,A,0,Dynamic,-0.032113126,0.857182676,10
5,A,1,Dynamic,-0.01545696,0.816012686,10
5,A,2,Dynamic,0.009761112,0.665843915,10
5,B,0,Static,-0.025562911,0.344860753,10
5,B,1,Static,-0.01076882,0.393436195,10
5,B,2,Static,-0.029278152,0.525663095,10
6,A,0,Dynamic,0.028262203,0.128332481,10
6,A,1,Dynamic,-0.076643389,0.870760667,9
6,A,2,Dynamic,-0.050781545,0.777777166,10
6,B,0,Static,0.034865306,0.185918838,10
6,B,1,Static,-0.030917396,0.696161884,10
6,B,2,Static,0.014230606,0.341283979,10
7,A,0,Dynamic,-0.026000015,0.573139591,10
7,A,1,Dynamic,-0.015860976,0.566957167,10
7,A,2,Dynamic,0.010055448,0.5290431,10
7,B,0,Static,0.007534544,0.539213982,10
7,B,1,Static,-0.021068185,0.623248939,10
7,B,2,Static,-0.002985783,0.509890756,10
8,A,0,Static,-0.003597848,0.196816981,10
8,A,1,Static,-0.027293392,0.452891035,10
8,A,2,Static,-0.061883038,0.820349302,10
8,B,0,Dynamic,-0.038525172,0.441501571,10
8,B,1,Dynamic,-0.069036757,0.846934282,9
8,B,2,Dynamic,-0.014150291,0.391549977,10
9,A,0,Static,-0.019917436,0.803005725,10
9,A,1,Static,-0.053510656,0.771732586,10
9,A,2,Static,0.035133771,0.537709954,10
9,B,0,Dynamic,0.034604364,0.281093158,10
9,B,1,Dynamic,-0.026252712,0.673309092,10
9,B,2,Dynamic,-0.005714467,0.481726277,10
